{
  "id": "p-5",
  "shopIds": ["s-10","s-11","s-12"],
  "nearestShop": "s-10",
  "shop": "黄记煌三汁焖锅",
  "tag": "免预约",
  "picture": "https://p0.meituan.net/200.0/deal/a527823771a31bafbede6a85ae21fbf754047.jpg@88_0_526_526a%7C267h_267w_2e_90Q",
  "product": "「3店通用」百香果（冷饮）1扎",
  "description": "仅售19.9元！价值48元的百香果（冷饮）1扎，提供免费WiFi。",
  "currentPrice": 19.9,
  "oldPrice": 48,
  "saleDesc": "已售6034",
  "detail":{
      "category": "饮品",
      "products":[{"name":"百果香（冷饮）", "quantity":"1扎", "price":"48元"}],
      "remark":"免费提供餐巾纸"
  },
  "validityPeriod": "2018-10-20至2019-09-15",
  "purchaseNotes":[{"title":"除外日期","content":"有效期内周末、法定节假日可用"},{"title":"使用时间","content":"团购券使用时间：11:00-22:00"},{"title":"预约提醒","content":"无需预约，消费高峰时可能需要等位"},{"title":"规则提醒","content":"每张团购券建议2人使用"},{"title":"包间","content":"可用包间，条件为：详询商户"},{"title":"堂食外带","content":"仅限堂食，不提供餐前外带，餐毕未吃完可打包，打包费详情咨询商家"},{"title":"商家服务","content":"提供免费WiFi"}]
}
