[
  { "id": "k-10", "keyword": "火锅", "quantity": 8710 },
  { "id": "k-11", "keyword": "火锅自助", "quantity": 541 },
  { "id": "k-12", "keyword": "火锅 三里屯", "quantity": 65 },
  { "id": "k-13", "keyword": "火锅 望京", "quantity": 133 },
  { "id": "k-14", "keyword": "火锅家常菜", "quantity": 179 },
  { "id": "k-15", "keyword": "火锅居", "quantity": 291 },
  { "id": "k-16", "keyword": "火锅套餐", "quantity": 261 },
  { "id": "k-17", "keyword": "火锅餐厅", "quantity": 8648 }
]
